{
  "overlaps": 20,
  "interior_widths": [
    8.396946564885485e-10,
    1.9898140185193024e-10,
    -0.0,
    -0.0,
    -0.0,
    -0.0,
    -0.0,
    1.0447761194029847e-09,
    -0.0,
    -0.0,
    1.1623249523831366e-10,
    -0.0,
    -0.0,
    1.397849462365591e-09,
    -0.0,
    -0.0,
    -0.0,
    -0.0,
    -0.0,
    -0.0
  ],
  "feasible_by_eta": {
    "1e-12": 20,
    "1e-11": 20,
    "1e-10": 20,
    "1e-09": 20,
    "1e-08": 19,
    "1e-07": 0,
    "1e-06": 0
  },
  "note": "DIAGNOSTIC ONLY. LP used as a feasibility oracle, never as a proposal."
}